{
  "id": "1602134",
  "name": "掘金web",
  "font_family": "iconfont",
  "css_prefix_text": "icon-",
  "description": "",
  "glyphs": [
    {
      "icon_id": "894312",
      "name": "五角星",
      "font_class": "wujiaoxing",
      "unicode": "e676",
      "unicode_decimal": 58998
    },
    {
      "icon_id": "1160493",
      "name": "fork-repo",
      "font_class": "forkrepo",
      "unicode": "e6fd",
      "unicode_decimal": 59133
    },
    {
      "icon_id": "6119216",
      "name": "上-三角",
      "font_class": "top-s",
      "unicode": "e627",
      "unicode_decimal": 58919
    }
  ]
}
